<?xml version="1.0" encoding="UTF-8"?>
<metadata>
  <groupId>org.camunda.bpm</groupId>
  <artifactId>camunda-bom</artifactId>
  <versioning>
    <latest>7.11.0-alpha5</latest>
    <release>7.11.0-alpha5</release>
    <versions>
      <version>7.1.0-alpha4</version>
      <version>7.1.0-Final</version>
      <version>7.2.0-alpha1</version>
      <version>7.2.0-alpha2</version>
      <version>7.2.0-alpha3</version>
      <version>7.2.0-alpha4</version>
      <version>7.2.0-alpha5</version>
      <version>7.2.0-alpha6</version>
      <version>7.2.0</version>
      <version>7.3.0-alpha1</version>
      <version>7.3.0-alpha2</version>
      <version>7.3.0-alpha3</version>
      <version>7.3.0-alpha4</version>
      <version>7.3.0</version>
      <version>7.4.0-alpha2</version>
      <version>7.4.0-alpha3</version>
      <version>7.4.0</version>
      <version>7.5.0-alpha1</version>
      <version>7.5.0-alpha2</version>
      <version>7.5.0-alpha3</version>
      <version>7.5.0-alpha4</version>
      <version>7.5.0-alpha5</version>
      <version>7.5.0</version>
      <version>7.6.0-alpha1</version>
      <version>7.6.0-alpha2</version>
      <version>7.6.0-alpha3</version>
      <version>7.6.0-alpha4</version>
      <version>7.6.0-alpha5</version>
      <version>7.6.0-alpha6</version>
      <version>7.6.0</version>
      <version>7.7.0-alpha1</version>
      <version>7.7.0-alpha2</version>
      <version>7.7.0</version>
      <version>7.8.0-alpha1</version>
      <version>7.8.0-alpha2</version>
      <version>7.8.0-alpha3</version>
      <version>7.8.0-alpha4</version>
      <version>7.8.0-alpha5</version>
      <version>7.8.0-alpha6</version>
      <version>7.8.0</version>
      <version>7.9.0-alpha1</version>
      <version>7.9.0-alpha2</version>
      <version>7.9.0-alpha3</version>
      <version>7.9.0-alpha4</version>
      <version>7.9.0-alpha5</version>
      <version>7.9.0</version>
      <version>7.10.0-alpha1</version>
      <version>7.10.0-alpha2</version>
      <version>7.10.0-alpha3</version>
      <version>7.10.0-alpha4</version>
      <version>7.10.0-alpha5</version>
      <version>7.10.0-alpha6</version>
      <version>7.10.0</version>
      <version>7.11.0-alpha1</version>
      <version>7.11.0-alpha2</version>
      <version>7.11.0-alpha3</version>
      <version>7.11.0-alpha4</version>
      <version>7.11.0-alpha5</version>
    </versions>
    <lastUpdated>20190517115209</lastUpdated>
  </versioning>
</metadata>
